index, name, utilization.gpu [%], utilization.memory [%], memory.total [MiB], memory.used [MiB]
0, NVIDIA RTX 5000 Ada Generation, 94, 81, 32760, 2442
1, NVIDIA RTX 5000 Ada Generation, 0, 0, 32760, 4
2, NVIDIA RTX 5000 Ada Generation, 0, 0, 32760, 4
0, NVIDIA RTX 5000 Ada Generation, 94, 81, 32760, 2442
1, NVIDIA RTX 5000 Ada Generation, 0, 0, 32760, 4
2, NVIDIA RTX 5000 Ada Generation, 0, 0, 32760, 4
0, NVIDIA RTX 5000 Ada Generation, 95, 80, 32760, 2442
1, NVIDIA RTX 5000 Ada Generation, 0, 0, 32760, 4
2, NVIDIA RTX 5000 Ada Generation, 0, 0, 32760, 4
0, NVIDIA RTX 5000 Ada Generation, 95, 80, 32760, 2442
1, NVIDIA RTX 5000 Ada Generation, 0, 0, 32760, 4
2, NVIDIA RTX 5000 Ada Generation, 0, 0, 32760, 4
0, NVIDIA RTX 5000 Ada Generation, 95, 80, 32760, 2442
1, NVIDIA RTX 5000 Ada Generation, 0, 0, 32760, 4
2, NVIDIA RTX 5000 Ada Generation, 0, 0, 32760, 4
0, NVIDIA RTX 5000 Ada Generation, 95, 80, 32760, 2442
1, NVIDIA RTX 5000 Ada Generation, 0, 0, 32760, 4
2, NVIDIA RTX 5000 Ada Generation, 0, 0, 32760, 4
0, NVIDIA RTX 5000 Ada Generation, 95, 80, 32760, 2442
1, NVIDIA RTX 5000 Ada Generation, 0, 0, 32760, 4
2, NVIDIA RTX 5000 Ada Generation, 0, 0, 32760, 4
0, NVIDIA RTX 5000 Ada Generation, 94, 79, 32760, 2442
1, NVIDIA RTX 5000 Ada Generation, 0, 0, 32760, 4
2, NVIDIA RTX 5000 Ada Generation, 0, 0, 32760, 4
0, NVIDIA RTX 5000 Ada Generation, 94, 80, 32760, 2442
1, NVIDIA RTX 5000 Ada Generation, 0, 0, 32760, 4
2, NVIDIA RTX 5000 Ada Generation, 0, 0, 32760, 4
0, NVIDIA RTX 5000 Ada Generation, 95, 80, 32760, 2442
1, NVIDIA RTX 5000 Ada Generation, 0, 0, 32760, 4
2, NVIDIA RTX 5000 Ada Generation, 0, 0, 32760, 4
0, NVIDIA RTX 5000 Ada Generation, 95, 81, 32760, 2442
1, NVIDIA RTX 5000 Ada Generation, 0, 0, 32760, 4
2, NVIDIA RTX 5000 Ada Generation, 0, 0, 32760, 4
0, NVIDIA RTX 5000 Ada Generation, 95, 81, 32760, 2442
1, NVIDIA RTX 5000 Ada Generation, 0, 0, 32760, 4
2, NVIDIA RTX 5000 Ada Generation, 0, 0, 32760, 4
0, NVIDIA RTX 5000 Ada Generation, 94, 81, 32760, 2442
1, NVIDIA RTX 5000 Ada Generation, 0, 0, 32760, 4
2, NVIDIA RTX 5000 Ada Generation, 0, 0, 32760, 4
0, NVIDIA RTX 5000 Ada Generation, 95, 82, 32760, 2442
1, NVIDIA RTX 5000 Ada Generation, 0, 0, 32760, 4
2, NVIDIA RTX 5000 Ada Generation, 0, 0, 32760, 4
0, NVIDIA RTX 5000 Ada Generation, 95, 83, 32760, 2442
1, NVIDIA RTX 5000 Ada Generation, 0, 0, 32760, 4
2, NVIDIA RTX 5000 Ada Generation, 0, 0, 32760, 4
0, NVIDIA RTX 5000 Ada Generation, 95, 83, 32760, 2442
1, NVIDIA RTX 5000 Ada Generation, 0, 0, 32760, 4
2, NVIDIA RTX 5000 Ada Generation, 0, 0, 32760, 4
0, NVIDIA RTX 5000 Ada Generation, 95, 82, 32760, 2442
1, NVIDIA RTX 5000 Ada Generation, 0, 0, 32760, 4
2, NVIDIA RTX 5000 Ada Generation, 0, 0, 32760, 4
0, NVIDIA RTX 5000 Ada Generation, 95, 79, 32760, 2442
1, NVIDIA RTX 5000 Ada Generation, 0, 0, 32760, 4
2, NVIDIA RTX 5000 Ada Generation, 0, 0, 32760, 4
0, NVIDIA RTX 5000 Ada Generation, 95, 80, 32760, 2442
1, NVIDIA RTX 5000 Ada Generation, 0, 0, 32760, 4
2, NVIDIA RTX 5000 Ada Generation, 0, 0, 32760, 4
0, NVIDIA RTX 5000 Ada Generation, 94, 79, 32760, 2442
1, NVIDIA RTX 5000 Ada Generation, 0, 0, 32760, 4
2, NVIDIA RTX 5000 Ada Generation, 0, 0, 32760, 4
0, NVIDIA RTX 5000 Ada Generation, 94, 80, 32760, 2442
1, NVIDIA RTX 5000 Ada Generation, 0, 0, 32760, 4
2, NVIDIA RTX 5000 Ada Generation, 0, 0, 32760, 4
0, NVIDIA RTX 5000 Ada Generation, 95, 82, 32760, 2442
1, NVIDIA RTX 5000 Ada Generation, 0, 0, 32760, 4
2, NVIDIA RTX 5000 Ada Generation, 0, 0, 32760, 4
0, NVIDIA RTX 5000 Ada Generation, 95, 82, 32760, 2442
1, NVIDIA RTX 5000 Ada Generation, 0, 0, 32760, 4
2, NVIDIA RTX 5000 Ada Generation, 0, 0, 32760, 4
0, NVIDIA RTX 5000 Ada Generation, 95, 79, 32760, 2442
1, NVIDIA RTX 5000 Ada Generation, 0, 0, 32760, 4
2, NVIDIA RTX 5000 Ada Generation, 0, 0, 32760, 4
0, NVIDIA RTX 5000 Ada Generation, 0, 0, 32760, 1632
1, NVIDIA RTX 5000 Ada Generation, 0, 0, 32760, 4
2, NVIDIA RTX 5000 Ada Generation, 0, 0, 32760, 4
0, NVIDIA RTX 5000 Ada Generation, 0, 0, 32760, 1632
1, NVIDIA RTX 5000 Ada Generation, 0, 0, 32760, 4
2, NVIDIA RTX 5000 Ada Generation, 0, 0, 32760, 4
0, NVIDIA RTX 5000 Ada Generation, 0, 0, 32760, 1762
1, NVIDIA RTX 5000 Ada Generation, 0, 0, 32760, 4
2, NVIDIA RTX 5000 Ada Generation, 0, 0, 32760, 4
0, NVIDIA RTX 5000 Ada Generation, 69, 58, 32760, 1762
1, NVIDIA RTX 5000 Ada Generation, 0, 0, 32760, 4
2, NVIDIA RTX 5000 Ada Generation, 0, 0, 32760, 4
0, NVIDIA RTX 5000 Ada Generation, 69, 57, 32760, 1762
1, NVIDIA RTX 5000 Ada Generation, 0, 0, 32760, 4
2, NVIDIA RTX 5000 Ada Generation, 0, 0, 32760, 4
0, NVIDIA RTX 5000 Ada Generation, 70, 58, 32760, 1762
1, NVIDIA RTX 5000 Ada Generation, 0, 0, 32760, 4
2, NVIDIA RTX 5000 Ada Generation, 0, 0, 32760, 4
0, NVIDIA RTX 5000 Ada Generation, 0, 0, 32760, 1632
1, NVIDIA RTX 5000 Ada Generation, 0, 0, 32760, 4
2, NVIDIA RTX 5000 Ada Generation, 0, 0, 32760, 4
0, NVIDIA RTX 5000 Ada Generation, 0, 0, 32760, 1632
1, NVIDIA RTX 5000 Ada Generation, 0, 0, 32760, 4
2, NVIDIA RTX 5000 Ada Generation, 0, 0, 32760, 4
0, NVIDIA RTX 5000 Ada Generation, 0, 0, 32760, 1762
1, NVIDIA RTX 5000 Ada Generation, 0, 0, 32760, 4
2, NVIDIA RTX 5000 Ada Generation, 0, 0, 32760, 4
0, NVIDIA RTX 5000 Ada Generation, 71, 58, 32760, 1762
1, NVIDIA RTX 5000 Ada Generation, 0, 0, 32760, 4
2, NVIDIA RTX 5000 Ada Generation, 0, 0, 32760, 4
0, NVIDIA RTX 5000 Ada Generation, 70, 58, 32760, 1762
1, NVIDIA RTX 5000 Ada Generation, 0, 0, 32760, 4
2, NVIDIA RTX 5000 Ada Generation, 0, 0, 32760, 4
0, NVIDIA RTX 5000 Ada Generation, 70, 59, 32760, 1762
1, NVIDIA RTX 5000 Ada Generation, 0, 0, 32760, 4
2, NVIDIA RTX 5000 Ada Generation, 0, 0, 32760, 4
0, NVIDIA RTX 5000 Ada Generation, 70, 58, 32760, 1762
1, NVIDIA RTX 5000 Ada Generation, 0, 0, 32760, 4
2, NVIDIA RTX 5000 Ada Generation, 0, 0, 32760, 4
0, NVIDIA RTX 5000 Ada Generation, 70, 58, 32760, 1762
1, NVIDIA RTX 5000 Ada Generation, 0, 0, 32760, 4
2, NVIDIA RTX 5000 Ada Generation, 0, 0, 32760, 4
0, NVIDIA RTX 5000 Ada Generation, 70, 58, 32760, 1762
1, NVIDIA RTX 5000 Ada Generation, 0, 0, 32760, 4
2, NVIDIA RTX 5000 Ada Generation, 0, 0, 32760, 4
0, NVIDIA RTX 5000 Ada Generation, 70, 58, 32760, 1762
1, NVIDIA RTX 5000 Ada Generation, 0, 0, 32760, 4
2, NVIDIA RTX 5000 Ada Generation, 0, 0, 32760, 4
0, NVIDIA RTX 5000 Ada Generation, 0, 0, 32760, 1632
1, NVIDIA RTX 5000 Ada Generation, 0, 0, 32760, 4
2, NVIDIA RTX 5000 Ada Generation, 0, 0, 32760, 4
0, NVIDIA RTX 5000 Ada Generation, 0, 0, 32760, 1632
1, NVIDIA RTX 5000 Ada Generation, 0, 0, 32760, 4
2, NVIDIA RTX 5000 Ada Generation, 0, 0, 32760, 4
0, NVIDIA RTX 5000 Ada Generation, 0, 0, 32760, 1764
1, NVIDIA RTX 5000 Ada Generation, 0, 0, 32760, 4
2, NVIDIA RTX 5000 Ada Generation, 0, 0, 32760, 4
0, NVIDIA RTX 5000 Ada Generation, 29, 8, 32760, 1764
1, NVIDIA RTX 5000 Ada Generation, 0, 0, 32760, 4
2, NVIDIA RTX 5000 Ada Generation, 0, 0, 32760, 4
0, NVIDIA RTX 5000 Ada Generation, 0, 0, 32760, 1634
1, NVIDIA RTX 5000 Ada Generation, 0, 0, 32760, 4
2, NVIDIA RTX 5000 Ada Generation, 0, 0, 32760, 4
0, NVIDIA RTX 5000 Ada Generation, 0, 0, 32760, 2217
1, NVIDIA RTX 5000 Ada Generation, 0, 0, 32760, 604
2, NVIDIA RTX 5000 Ada Generation, 0, 0, 32760, 638
0, NVIDIA RTX 5000 Ada Generation, 8, 0, 32760, 3335
1, NVIDIA RTX 5000 Ada Generation, 8, 0, 32760, 1038
2, NVIDIA RTX 5000 Ada Generation, 8, 0, 32760, 1070
0, NVIDIA RTX 5000 Ada Generation, 95, 76, 32760, 3545
1, NVIDIA RTX 5000 Ada Generation, 10, 0, 32760, 1380
2, NVIDIA RTX 5000 Ada Generation, 7, 0, 32760, 1380
0, NVIDIA RTX 5000 Ada Generation, 97, 76, 32760, 3777
1, NVIDIA RTX 5000 Ada Generation, 0, 0, 32760, 1380
2, NVIDIA RTX 5000 Ada Generation, 0, 0, 32760, 1380
0, NVIDIA RTX 5000 Ada Generation, 97, 77, 32760, 3883
1, NVIDIA RTX 5000 Ada Generation, 0, 0, 32760, 1446
2, NVIDIA RTX 5000 Ada Generation, 0, 0, 32760, 1446
0, NVIDIA RTX 5000 Ada Generation, 95, 76, 32760, 3883
1, NVIDIA RTX 5000 Ada Generation, 15, 3, 32760, 1446
2, NVIDIA RTX 5000 Ada Generation, 14, 3, 32760, 1448
0, NVIDIA RTX 5000 Ada Generation, 89, 72, 32760, 3883
1, NVIDIA RTX 5000 Ada Generation, 14, 3, 32760, 1446
2, NVIDIA RTX 5000 Ada Generation, 10, 2, 32760, 1450
0, NVIDIA RTX 5000 Ada Generation, 96, 77, 32760, 3883
1, NVIDIA RTX 5000 Ada Generation, 0, 0, 32760, 1446
2, NVIDIA RTX 5000 Ada Generation, 0, 0, 32760, 1450
0, NVIDIA RTX 5000 Ada Generation, 97, 77, 32760, 3883
1, NVIDIA RTX 5000 Ada Generation, 13, 2, 32760, 1446
2, NVIDIA RTX 5000 Ada Generation, 10, 2, 32760, 1450
0, NVIDIA RTX 5000 Ada Generation, 92, 75, 32760, 3883
1, NVIDIA RTX 5000 Ada Generation, 10, 2, 32760, 1448
2, NVIDIA RTX 5000 Ada Generation, 15, 3, 32760, 1450
0, NVIDIA RTX 5000 Ada Generation, 97, 79, 32760, 3883
1, NVIDIA RTX 5000 Ada Generation, 0, 0, 32760, 1448
2, NVIDIA RTX 5000 Ada Generation, 0, 0, 32760, 1450
0, NVIDIA RTX 5000 Ada Generation, 93, 75, 32760, 3883
1, NVIDIA RTX 5000 Ada Generation, 16, 3, 32760, 1448
2, NVIDIA RTX 5000 Ada Generation, 16, 3, 32760, 1450
0, NVIDIA RTX 5000 Ada Generation, 95, 76, 32760, 3883
1, NVIDIA RTX 5000 Ada Generation, 15, 3, 32760, 1448
2, NVIDIA RTX 5000 Ada Generation, 15, 3, 32760, 1450
0, NVIDIA RTX 5000 Ada Generation, 97, 78, 32760, 3883
1, NVIDIA RTX 5000 Ada Generation, 0, 0, 32760, 1448
2, NVIDIA RTX 5000 Ada Generation, 0, 0, 32760, 1450
0, NVIDIA RTX 5000 Ada Generation, 95, 76, 32760, 3883
1, NVIDIA RTX 5000 Ada Generation, 16, 3, 32760, 1448
2, NVIDIA RTX 5000 Ada Generation, 17, 3, 32760, 1450
0, NVIDIA RTX 5000 Ada Generation, 96, 77, 32760, 3883
1, NVIDIA RTX 5000 Ada Generation, 16, 3, 32760, 1448
2, NVIDIA RTX 5000 Ada Generation, 16, 3, 32760, 1450
0, NVIDIA RTX 5000 Ada Generation, 94, 75, 32760, 3883
1, NVIDIA RTX 5000 Ada Generation, 16, 3, 32760, 1448
2, NVIDIA RTX 5000 Ada Generation, 15, 3, 32760, 1450
0, NVIDIA RTX 5000 Ada Generation, 94, 75, 32760, 3883
1, NVIDIA RTX 5000 Ada Generation, 14, 3, 32760, 1450
2, NVIDIA RTX 5000 Ada Generation, 10, 2, 32760, 1450
0, NVIDIA RTX 5000 Ada Generation, 96, 77, 32760, 3859
1, NVIDIA RTX 5000 Ada Generation, 0, 0, 32760, 1398
2, NVIDIA RTX 5000 Ada Generation, 0, 0, 32760, 1398
0, NVIDIA RTX 5000 Ada Generation, 95, 80, 32760, 5303
1, NVIDIA RTX 5000 Ada Generation, 0, 0, 32760, 1398
2, NVIDIA RTX 5000 Ada Generation, 0, 0, 32760, 1398
0, NVIDIA RTX 5000 Ada Generation, 99, 86, 32760, 5305
1, NVIDIA RTX 5000 Ada Generation, 0, 0, 32760, 1398
2, NVIDIA RTX 5000 Ada Generation, 0, 0, 32760, 1398
0, NVIDIA RTX 5000 Ada Generation, 98, 83, 32760, 5305
1, NVIDIA RTX 5000 Ada Generation, 0, 0, 32760, 1398
2, NVIDIA RTX 5000 Ada Generation, 0, 0, 32760, 1398
0, NVIDIA RTX 5000 Ada Generation, 100, 88, 32760, 5305
1, NVIDIA RTX 5000 Ada Generation, 0, 0, 32760, 1398
2, NVIDIA RTX 5000 Ada Generation, 0, 0, 32760, 1398
0, NVIDIA RTX 5000 Ada Generation, 98, 86, 32760, 3883
1, NVIDIA RTX 5000 Ada Generation, 0, 0, 32760, 1446
2, NVIDIA RTX 5000 Ada Generation, 0, 0, 32760, 1446
0, NVIDIA RTX 5000 Ada Generation, 95, 76, 32760, 3883
1, NVIDIA RTX 5000 Ada Generation, 1, 0, 32760, 1446
2, NVIDIA RTX 5000 Ada Generation, 0, 0, 32760, 1450
0, NVIDIA RTX 5000 Ada Generation, 93, 75, 32760, 3885
1, NVIDIA RTX 5000 Ada Generation, 15, 3, 32760, 1446
2, NVIDIA RTX 5000 Ada Generation, 14, 2, 32760, 1450
0, NVIDIA RTX 5000 Ada Generation, 93, 77, 32760, 3885
1, NVIDIA RTX 5000 Ada Generation, 0, 0, 32760, 1446
2, NVIDIA RTX 5000 Ada Generation, 16, 3, 32760, 1450
0, NVIDIA RTX 5000 Ada Generation, 94, 75, 32760, 3885
1, NVIDIA RTX 5000 Ada Generation, 10, 2, 32760, 1446
2, NVIDIA RTX 5000 Ada Generation, 14, 2, 32760, 1450
0, NVIDIA RTX 5000 Ada Generation, 95, 76, 32760, 3885
1, NVIDIA RTX 5000 Ada Generation, 16, 3, 32760, 1446
2, NVIDIA RTX 5000 Ada Generation, 14, 2, 32760, 1450
0, NVIDIA RTX 5000 Ada Generation, 95, 76, 32760, 3885
1, NVIDIA RTX 5000 Ada Generation, 15, 3, 32760, 1446
2, NVIDIA RTX 5000 Ada Generation, 15, 3, 32760, 1450
0, NVIDIA RTX 5000 Ada Generation, 94, 76, 32760, 3885
1, NVIDIA RTX 5000 Ada Generation, 14, 3, 32760, 1448
2, NVIDIA RTX 5000 Ada Generation, 11, 2, 32760, 1450
0, NVIDIA RTX 5000 Ada Generation, 96, 77, 32760, 3885
1, NVIDIA RTX 5000 Ada Generation, 0, 0, 32760, 1448
2, NVIDIA RTX 5000 Ada Generation, 0, 0, 32760, 1450
0, NVIDIA RTX 5000 Ada Generation, 94, 76, 32760, 3885
1, NVIDIA RTX 5000 Ada Generation, 11, 2, 32760, 1448
2, NVIDIA RTX 5000 Ada Generation, 13, 2, 32760, 1450
0, NVIDIA RTX 5000 Ada Generation, 94, 76, 32760, 3885
1, NVIDIA RTX 5000 Ada Generation, 11, 2, 32760, 1450
2, NVIDIA RTX 5000 Ada Generation, 15, 3, 32760, 1450
0, NVIDIA RTX 5000 Ada Generation, 96, 77, 32760, 3885
1, NVIDIA RTX 5000 Ada Generation, 0, 0, 32760, 1450
2, NVIDIA RTX 5000 Ada Generation, 0, 0, 32760, 1450
0, NVIDIA RTX 5000 Ada Generation, 93, 75, 32760, 3885
1, NVIDIA RTX 5000 Ada Generation, 9, 2, 32760, 1450
2, NVIDIA RTX 5000 Ada Generation, 15, 3, 32760, 1450
0, NVIDIA RTX 5000 Ada Generation, 13, 2, 32760, 4495
1, NVIDIA RTX 5000 Ada Generation, 1, 0, 32760, 1398
2, NVIDIA RTX 5000 Ada Generation, 13, 2, 32760, 1398
0, NVIDIA RTX 5000 Ada Generation, 55, 54, 32760, 3027
1, NVIDIA RTX 5000 Ada Generation, 0, 0, 32760, 1400
2, NVIDIA RTX 5000 Ada Generation, 0, 0, 32760, 1400
0, NVIDIA RTX 5000 Ada Generation, 0, 0, 32760, 3174
1, NVIDIA RTX 5000 Ada Generation, 0, 0, 32760, 1400
2, NVIDIA RTX 5000 Ada Generation, 0, 0, 32760, 1400
0, NVIDIA RTX 5000 Ada Generation, 69, 57, 32760, 3036
1, NVIDIA RTX 5000 Ada Generation, 0, 0, 32760, 1400
2, NVIDIA RTX 5000 Ada Generation, 0, 0, 32760, 1400
0, NVIDIA RTX 5000 Ada Generation, 85, 54, 32760, 3704
1, NVIDIA RTX 5000 Ada Generation, 0, 0, 32760, 1400
2, NVIDIA RTX 5000 Ada Generation, 0, 0, 32760, 1400
0, NVIDIA RTX 5000 Ada Generation, 86, 51, 32760, 4472
1, NVIDIA RTX 5000 Ada Generation, 0, 0, 32760, 1382
2, NVIDIA RTX 5000 Ada Generation, 0, 0, 32760, 1382
0, NVIDIA RTX 5000 Ada Generation, 0, 0, 32760, 1632
1, NVIDIA RTX 5000 Ada Generation, 0, 0, 32760, 4
2, NVIDIA RTX 5000 Ada Generation, 0, 0, 32760, 4
0, NVIDIA RTX 5000 Ada Generation, 0, 0, 32760, 1632
1, NVIDIA RTX 5000 Ada Generation, 0, 0, 32760, 4
2, NVIDIA RTX 5000 Ada Generation, 0, 0, 32760, 4
0, NVIDIA RTX 5000 Ada Generation, 0, 0, 32760, 1762
1, NVIDIA RTX 5000 Ada Generation, 0, 0, 32760, 4
2, NVIDIA RTX 5000 Ada Generation, 0, 0, 32760, 4
0, NVIDIA RTX 5000 Ada Generation, 70, 58, 32760, 1762
1, NVIDIA RTX 5000 Ada Generation, 0, 0, 32760, 4
2, NVIDIA RTX 5000 Ada Generation, 0, 0, 32760, 4
0, NVIDIA RTX 5000 Ada Generation, 70, 58, 32760, 1762
1, NVIDIA RTX 5000 Ada Generation, 0, 0, 32760, 4
2, NVIDIA RTX 5000 Ada Generation, 0, 0, 32760, 4
